{
  "train_err_min": 0.0013553703,
  "train_err_max": 0.0531954281
}
